throyer,79292a78-5f31-35bc-bf36-057cc3f601c5
testinho,eb9cca00-9bcc-339c-acbb-7d43eac77148
zertgames,dc3de3a3-d030-3fe1-98df-559f80a25ca7
billy,ca442f1a-3620-36c6-b4ad-ef137e19db0e
c_h_a_t_u_b_a,e6bc84de-a9ff-3939-9050-b39cdae5a1e5
newbie,1452563d-9d98-3a7e-b2e6-94ee8d4618e3
kirofe,b5c1c5bb-1eb8-31c6-b7db-3f4c6e51a218
rinkashi,e9da1622-58da-3076-a0c6-c30481b842ed
thelokys,90878745-a13a-3eec-b65b-dcf5e851446b
faliceu,13e6777d-4f90-3dc2-896b-6c4a95e298fa
leandro,524d324f-7b31-3d88-be9a-a732ee889518
